Workbook

Sheet Test Results
A1: Test Results Summary Module Name : eBay Best Sellers related products Epic : eBay Best Sellers related products Test Cycle : 1st Round
B3: Tests Executed By
B4: Tests Reviewed By
B5: Tests Sign off By
B7: Test Type | C7: Not Executed | D7: Pass | E7: Fail | F7: On Hold | G7: N/A | H7: Out of Scope | I7: Total | J7: Executed % | K7: Pass % | L7: Fail %
B8: Smoke | C8: =COUNTIFS('Test Cases '!$C:$C,'Test Results'!$B8,'Test Cases '!$L:$L,'Test Results'!C$7) -> 0 | D8: =COUNTIFS('Test Cases '!$C:$C,'Test Results'!$B8,'Test Cases '!$L:$L,'Test Results'!D$7) -> 0 | E8: =COUNTIFS('Test Cases '!$C:$C,'Test Results'!$B8,'Test Cases '!$L:$L,'Test Results'!E$7) -> 0 | F8: =COUNTIFS('Test Cases '!$C:$C,'Test Results'!$B8,'Test Cases '!$L:$L,'Test Results'!F$7) -> 0 | G8: =COUNTIFS('Test Cases '!$C:$C,'Test Results'!$B8,'Test Cases '!$L:$L,'Test Results'!G$7) -> 0 | H8: =COUNTIFS('Test Cases '!$C:$C,'Test Results'!$B8,'Test Cases '!$L:$L,'Test Results'!H$7) -> 0 | I8: =SUM(C8:H8) -> 0 | J8: =IFERROR(($D8+$E8)/($I8-$H8-$G8),0) -> 0 | K8: =IFERROR($D8/($I8-$H8-$G8),0) -> 0 | L8: =IFERROR($E8/($I8-$H8-$G8),0) -> 0
B9: Functional | C9: =COUNTIFS('Test Cases '!$C:$C,'Test Results'!$B9,'Test Cases '!$L:$L,'Test Results'!C$7) -> 28 | D9: =COUNTIFS('Test Cases '!$C:$C,'Test Results'!$B9,'Test Cases '!$L:$L,'Test Results'!D$7) -> 0 | E9: =COUNTIFS('Test Cases '!$C:$C,'Test Results'!$B9,'Test Cases '!$L:$L,'Test Results'!E$7) -> 0 | F9: =COUNTIFS('Test Cases '!$C:$C,'Test Results'!$B9,'Test Cases '!$L:$L,'Test Results'!F$7) -> 0 | G9: =COUNTIFS('Test Cases '!$C:$C,'Test Results'!$B9,'Test Cases '!$L:$L,'Test Results'!G$7) -> 0 | H9: =COUNTIFS('Test Cases '!$C:$C,'Test Results'!$B9,'Test Cases '!$L:$L,'Test Results'!H$7) -> 0 | I9: =SUM(C9:H9) -> 28 | J9: =IFERROR(($D9+$E9)/($I9-$H9-$G9),0) -> 0 | K9: =IFERROR($D9/($I9-$H9-$G9),0) -> 0 | L9: =IFERROR($E9/($I9-$H9-$G9),0) -> 0
B10: Integration | C10: =COUNTIFS('Test Cases '!$C:$C,'Test Results'!$B10,'Test Cases '!$L:$L,'Test Results'!C$7) -> 0 | D10: =COUNTIFS('Test Cases '!$C:$C,'Test Results'!$B10,'Test Cases '!$L:$L,'Test Results'!D$7) -> 0 | E10: =COUNTIFS('Test Cases '!$C:$C,'Test Results'!$B10,'Test Cases '!$L:$L,'Test Results'!E$7) -> 0 | F10: =COUNTIFS('Test Cases '!$C:$C,'Test Results'!$B10,'Test Cases '!$L:$L,'Test Results'!F$7) -> 0 | G10: =COUNTIFS('Test Cases '!$C:$C,'Test Results'!$B10,'Test Cases '!$L:$L,'Test Results'!G$7) -> 0 | H10: =COUNTIFS('Test Cases '!$C:$C,'Test Results'!$B10,'Test Cases '!$L:$L,'Test Results'!H$7) -> 0 | I10: =SUM(C10:H10) -> 0 | J10: =IFERROR(($D10+$E10)/($I10-$H10-$G10),0) -> 0 | K10: =IFERROR($D10/($I10-$H10-$G10),0) -> 0 | L10: =IFERROR($E10/($I10-$H10-$G10),0) -> 0
B11: Regression | C11: =COUNTIFS('Test Cases '!$C:$C,'Test Results'!$B11,'Test Cases '!$L:$L,'Test Results'!C$7) -> 0 | D11: =COUNTIFS('Test Cases '!$C:$C,'Test Results'!$B11,'Test Cases '!$L:$L,'Test Results'!D$7) -> 0 | E11: =COUNTIFS('Test Cases '!$C:$C,'Test Results'!$B11,'Test Cases '!$L:$L,'Test Results'!E$7) -> 0 | F11: =COUNTIFS('Test Cases '!$C:$C,'Test Results'!$B11,'Test Cases '!$L:$L,'Test Results'!F$7) -> 0 | G11: =COUNTIFS('Test Cases '!$C:$C,'Test Results'!$B11,'Test Cases '!$L:$L,'Test Results'!G$7) -> 0 | H11: =COUNTIFS('Test Cases '!$C:$C,'Test Results'!$B11,'Test Cases '!$L:$L,'Test Results'!H$7) -> 0 | I11: =SUM(C11:H11) -> 0 | J11: =IFERROR(($D11+$E11)/($I11-$H11-$G11),0) -> 0 | K11: =IFERROR($D11/($I11-$H11-$G11),0) -> 0 | L11: =IFERROR($E11/($I11-$H11-$G11),0) -> 0
B12: UI | C12: =COUNTIFS('Test Cases '!$C:$C,'Test Results'!$B12,'Test Cases '!$L:$L,'Test Results'!C$7) -> 2 | D12: =COUNTIFS('Test Cases '!$C:$C,'Test Results'!$B12,'Test Cases '!$L:$L,'Test Results'!D$7) -> 0 | E12: =COUNTIFS('Test Cases '!$C:$C,'Test Results'!$B12,'Test Cases '!$L:$L,'Test Results'!E$7) -> 0 | F12: =COUNTIFS('Test Cases '!$C:$C,'Test Results'!$B12,'Test Cases '!$L:$L,'Test Results'!F$7) -> 0 | G12: =COUNTIFS('Test Cases '!$C:$C,'Test Results'!$B12,'Test Cases '!$L:$L,'Test Results'!G$7) -> 0 | H12: =COUNTIFS('Test Cases '!$C:$C,'Test Results'!$B12,'Test Cases '!$L:$L,'Test Results'!H$7) -> 0 | I12: =SUM(C12:H12) -> 2 | J12: =IFERROR(($D12+$E12)/($I12-$H12-$G12),0) -> 0 | K12: =IFERROR($D12/($I12-$H12-$G12),0) -> 0 | L12: =IFERROR($E12/($I12-$H12-$G12),0) -> 0
B13: Compatibility | C13: =COUNTIFS('Test Cases '!$C:$C,'Test Results'!$B13,'Test Cases '!$L:$L,'Test Results'!C$7) -> 2 | D13: =COUNTIFS('Test Cases '!$C:$C,'Test Results'!$B13,'Test Cases '!$L:$L,'Test Results'!D$7) -> 0 | E13: =COUNTIFS('Test Cases '!$C:$C,'Test Results'!$B13,'Test Cases '!$L:$L,'Test Results'!E$7) -> 0 | F13: =COUNTIFS('Test Cases '!$C:$C,'Test Results'!$B13,'Test Cases '!$L:$L,'Test Results'!F$7) -> 0 | G13: =COUNTIFS('Test Cases '!$C:$C,'Test Results'!$B13,'Test Cases '!$L:$L,'Test Results'!G$7) -> 0 | H13: =COUNTIFS('Test Cases '!$C:$C,'Test Results'!$B13,'Test Cases '!$L:$L,'Test Results'!H$7) -> 0 | I13: =SUM(C13:H13) -> 2 | J13: =IFERROR(($D13+$E13)/($I13-$H13-$G13),0) -> 0 | K13: =IFERROR($D13/($I13-$H13-$G13),0) -> 0 | L13: =IFERROR($E13/($I13-$H13-$G13),0) -> 0
B14: Exploratary | C14: =COUNTIFS('Test Cases '!$C:$C,'Test Results'!$B14,'Test Cases '!$L:$L,'Test Results'!C$7) -> 0 | D14: =COUNTIFS('Test Cases '!$C:$C,'Test Results'!$B14,'Test Cases '!$L:$L,'Test Results'!D$7) -> 0 | E14: =COUNTIFS('Test Cases '!$C:$C,'Test Results'!$B14,'Test Cases '!$L:$L,'Test Results'!E$7) -> 0 | F14: =COUNTIFS('Test Cases '!$C:$C,'Test Results'!$B14,'Test Cases '!$L:$L,'Test Results'!F$7) -> 0 | G14: =COUNTIFS('Test Cases '!$C:$C,'Test Results'!$B14,'Test Cases '!$L:$L,'Test Results'!G$7) -> 0 | H14: =COUNTIFS('Test Cases '!$C:$C,'Test Results'!$B14,'Test Cases '!$L:$L,'Test Results'!H$7) -> 0 | I14: =SUM(C14:H14) -> 0 | J14: =IFERROR(($D14+$E14)/($I14-$H14-$G14),0) -> 0 | K14: =IFERROR($D14/($I14-$H14-$G14),0) -> 0 | L14: =IFERROR($E14/($I14-$H14-$G14),0) -> 0
B15: Data Migration | C15: =COUNTIFS('Test Cases '!$C:$C,'Test Results'!$B15,'Test Cases '!$L:$L,'Test Results'!C$7) -> 0 | D15: =COUNTIFS('Test Cases '!$C:$C,'Test Results'!$B15,'Test Cases '!$L:$L,'Test Results'!D$7) -> 0 | E15: =COUNTIFS('Test Cases '!$C:$C,'Test Results'!$B15,'Test Cases '!$L:$L,'Test Results'!E$7) -> 0 | F15: =COUNTIFS('Test Cases '!$C:$C,'Test Results'!$B15,'Test Cases '!$L:$L,'Test Results'!F$7) -> 0 | G15: =COUNTIFS('Test Cases '!$C:$C,'Test Results'!$B15,'Test Cases '!$L:$L,'Test Results'!G$7) -> 0 | H15: =COUNTIFS('Test Cases '!$C:$C,'Test Results'!$B15,'Test Cases '!$L:$L,'Test Results'!H$7) -> 0 | I15: =SUM(C15:H15) -> 0 | J15: =IFERROR(($D15+$E15)/($I15-$H15-$G15),0) -> 0 | K15: =IFERROR($D15/($I15-$H15-$G15),0) -> 0 | L15: =IFERROR($E15/($I15-$H15-$G15),0) -> 0
B16: UAT | C16: =COUNTIFS('Test Cases '!$C:$C,'Test Results'!$B16,'Test Cases '!$L:$L,'Test Results'!C$7) -> 0 | D16: =COUNTIFS('Test Cases '!$C:$C,'Test Results'!$B16,'Test Cases '!$L:$L,'Test Results'!D$7) -> 0 | E16: =COUNTIFS('Test Cases '!$C:$C,'Test Results'!$B16,'Test Cases '!$L:$L,'Test Results'!E$7) -> 0 | F16: =COUNTIFS('Test Cases '!$C:$C,'Test Results'!$B16,'Test Cases '!$L:$L,'Test Results'!F$7) -> 0 | G16: =COUNTIFS('Test Cases '!$C:$C,'Test Results'!$B16,'Test Cases '!$L:$L,'Test Results'!G$7) -> 0 | H16: =COUNTIFS('Test Cases '!$C:$C,'Test Results'!$B16,'Test Cases '!$L:$L,'Test Results'!H$7) -> 0 | I16: =SUM(C16:H16) -> 0 | J16: =IFERROR(($D16+$E16)/($I16-$H16-$G16),0) -> 0 | K16: =IFERROR($D16/($I16-$H16-$G16),0) -> 0 | L16: =IFERROR($E16/($I16-$H16-$G16),0) -> 0
C17: =SUM(C8:C16) -> 32 | D17: =SUM(D8:D16) -> 0 | E17: =SUM(E8:E16) -> 0 | F17: =SUM(F8:F16) -> 0 | G17: =SUM(G8:G16) -> 0 | H17: =SUM(H8:H16) -> 0 | I17: =SUM(I8:I16) -> 32 | J17: =IFERROR(($D17+$E17)/($I17-$H17-$G17),0) -> 0 | K17: =IFERROR($D17/($I17-$H17-$G17),0) -> 0 | L17: =IFERROR($E17/($I17-$H17-$G17),0) -> 0
B19: Sub Module Name | C19: Not Executed | D19: Pass | E19: Fail | F19: On Hold | G19: N/A | H19: Out of Scope | I19: Total | J19: Executed % | K19: Pass % | L19: Fail %
B20: CR 074 | C20: =COUNTIFS('Test Cases '!$B:$B,'Test Results'!$B20,'Test Cases '!$L:$L,'Test Results'!C$7) -> 0 | D20: =COUNTIFS('Test Cases '!$B:$B,'Test Results'!$B20,'Test Cases '!$L:$L,'Test Results'!D$7) -> 0 | E20: =COUNTIFS('Test Cases '!$B:$B,'Test Results'!$B20,'Test Cases '!$L:$L,'Test Results'!E$7) -> 0 | F20: =COUNTIFS('Test Cases '!$B:$B,'Test Results'!$B20,'Test Cases '!$L:$L,'Test Results'!F$7) -> 0 | G20: =COUNTIFS('Test Cases '!$B:$B,'Test Results'!$B20,'Test Cases '!$L:$L,'Test Results'!G$7) -> 0 | H20: =COUNTIFS('Test Cases '!$B:$B,'Test Results'!$B20,'Test Cases '!$L:$L,'Test Results'!H$7) -> 0 | I20: =SUM(C20:H20) -> 0 | J20: =IFERROR(($D20+$E20)/($I20-$H20-$G20),0) -> 0 | K20: =IFERROR($D20/($I20-$H20-$G20),0) -> 0 | L20: =IFERROR($E20/($I20-$H20-$G20),0) -> 0
B21: CR 075 | C21: =COUNTIFS('Test Cases '!$B:$B,'Test Results'!$B21,'Test Cases '!$L:$L,'Test Results'!C$7) -> 0 | D21: =COUNTIFS('Test Cases '!$B:$B,'Test Results'!$B21,'Test Cases '!$L:$L,'Test Results'!D$7) -> 0 | E21: =COUNTIFS('Test Cases '!$B:$B,'Test Results'!$B21,'Test Cases '!$L:$L,'Test Results'!E$7) -> 0 | F21: =COUNTIFS('Test Cases '!$B:$B,'Test Results'!$B21,'Test Cases '!$L:$L,'Test Results'!F$7) -> 0 | G21: =COUNTIFS('Test Cases '!$B:$B,'Test Results'!$B21,'Test Cases '!$L:$L,'Test Results'!G$7) -> 0 | H21: =COUNTIFS('Test Cases '!$B:$B,'Test Results'!$B21,'Test Cases '!$L:$L,'Test Results'!H$7) -> 0 | I21: =SUM(C21:H21) -> 0 | J21: =IFERROR(($D21+$E21)/($I21-$H21-$G21),0) -> 0 | K21: =IFERROR($D21/($I21-$H21-$G21),0) -> 0 | L21: =IFERROR($E21/($I21-$H21-$G21),0) -> 0
B22: CR 076 | C22: =COUNTIFS('Test Cases '!$B:$B,'Test Results'!$B22,'Test Cases '!$L:$L,'Test Results'!C$7) -> 0 | D22: =COUNTIFS('Test Cases '!$B:$B,'Test Results'!$B22,'Test Cases '!$L:$L,'Test Results'!D$7) -> 0 | E22: =COUNTIFS('Test Cases '!$B:$B,'Test Results'!$B22,'Test Cases '!$L:$L,'Test Results'!E$7) -> 0 | F22: =COUNTIFS('Test Cases '!$B:$B,'Test Results'!$B22,'Test Cases '!$L:$L,'Test Results'!F$7) -> 0 | G22: =COUNTIFS('Test Cases '!$B:$B,'Test Results'!$B22,'Test Cases '!$L:$L,'Test Results'!G$7) -> 0 | H22: =COUNTIFS('Test Cases '!$B:$B,'Test Results'!$B22,'Test Cases '!$L:$L,'Test Results'!H$7) -> 0 | I22: =SUM(C22:H22) -> 0 | J22: =IFERROR(($D22+$E22)/($I22-$H22-$G22),0) -> 0 | K22: =IFERROR($D22/($I22-$H22-$G22),0) -> 0 | L22: =IFERROR($E22/($I22-$H22-$G22),0) -> 0
B23: CR 077 | C23: =COUNTIFS('Test Cases '!$B:$B,'Test Results'!$B23,'Test Cases '!$L:$L,'Test Results'!C$7) -> 0 | D23: =COUNTIFS('Test Cases '!$B:$B,'Test Results'!$B23,'Test Cases '!$L:$L,'Test Results'!D$7) -> 0 | E23: =COUNTIFS('Test Cases '!$B:$B,'Test Results'!$B23,'Test Cases '!$L:$L,'Test Results'!E$7) -> 0 | F23: =COUNTIFS('Test Cases '!$B:$B,'Test Results'!$B23,'Test Cases '!$L:$L,'Test Results'!F$7) -> 0 | G23: =COUNTIFS('Test Cases '!$B:$B,'Test Results'!$B23,'Test Cases '!$L:$L,'Test Results'!G$7) -> 0 | H23: =COUNTIFS('Test Cases '!$B:$B,'Test Results'!$B23,'Test Cases '!$L:$L,'Test Results'!H$7) -> 0 | I23: =SUM(C23:H23) -> 0 | J23: =IFERROR(($D23+$E23)/($I23-$H23-$G23),0) -> 0 | K23: =IFERROR($D23/($I23-$H23-$G23),0) -> 0 | L23: =IFERROR($E23/($I23-$H23-$G23),0) -> 0
B24: CR 078 | C24: =COUNTIFS('Test Cases '!$B:$B,'Test Results'!$B24,'Test Cases '!$L:$L,'Test Results'!C$7) -> 0 | D24: =COUNTIFS('Test Cases '!$B:$B,'Test Results'!$B24,'Test Cases '!$L:$L,'Test Results'!D$7) -> 0 | E24: =COUNTIFS('Test Cases '!$B:$B,'Test Results'!$B24,'Test Cases '!$L:$L,'Test Results'!E$7) -> 0 | F24: =COUNTIFS('Test Cases '!$B:$B,'Test Results'!$B24,'Test Cases '!$L:$L,'Test Results'!F$7) -> 0 | G24: =COUNTIFS('Test Cases '!$B:$B,'Test Results'!$B24,'Test Cases '!$L:$L,'Test Results'!G$7) -> 0 | H24: =COUNTIFS('Test Cases '!$B:$B,'Test Results'!$B24,'Test Cases '!$L:$L,'Test Results'!H$7) -> 0 | I24: =SUM(C24:H24) -> 0 | J24: =IFERROR(($D24+$E24)/($I24-$H24-$G24),0) -> 0 | K24: =IFERROR($D24/($I24-$H24-$G24),0) -> 0 | L24: =IFERROR($E24/($I24-$H24-$G24),0) -> 0
B25: CR 079 | C25: =COUNTIFS('Test Cases '!$B:$B,'Test Results'!$B25,'Test Cases '!$L:$L,'Test Results'!C$7) -> 0 | D25: =COUNTIFS('Test Cases '!$B:$B,'Test Results'!$B25,'Test Cases '!$L:$L,'Test Results'!D$7) -> 0 | E25: =COUNTIFS('Test Cases '!$B:$B,'Test Results'!$B25,'Test Cases '!$L:$L,'Test Results'!E$7) -> 0 | F25: =COUNTIFS('Test Cases '!$B:$B,'Test Results'!$B25,'Test Cases '!$L:$L,'Test Results'!F$7) -> 0 | G25: =COUNTIFS('Test Cases '!$B:$B,'Test Results'!$B25,'Test Cases '!$L:$L,'Test Results'!G$7) -> 0 | H25: =COUNTIFS('Test Cases '!$B:$B,'Test Results'!$B25,'Test Cases '!$L:$L,'Test Results'!H$7) -> 0 | I25: =SUM(C25:H25) -> 0 | J25: =IFERROR(($D25+$E25)/($I25-$H25-$G25),0) -> 0 | K25: =IFERROR($D25/($I25-$H25-$G25),0) -> 0 | L25: =IFERROR($E25/($I25-$H25-$G25),0) -> 0
B26: CR 080 | C26: =COUNTIFS('Test Cases '!$B:$B,'Test Results'!$B26,'Test Cases '!$L:$L,'Test Results'!C$7) -> 0 | D26: =COUNTIFS('Test Cases '!$B:$B,'Test Results'!$B26,'Test Cases '!$L:$L,'Test Results'!D$7) -> 0 | E26: =COUNTIFS('Test Cases '!$B:$B,'Test Results'!$B26,'Test Cases '!$L:$L,'Test Results'!E$7) -> 0 | F26: =COUNTIFS('Test Cases '!$B:$B,'Test Results'!$B26,'Test Cases '!$L:$L,'Test Results'!F$7) -> 0 | G26: =COUNTIFS('Test Cases '!$B:$B,'Test Results'!$B26,'Test Cases '!$L:$L,'Test Results'!G$7) -> 0 | H26: =COUNTIFS('Test Cases '!$B:$B,'Test Results'!$B26,'Test Cases '!$L:$L,'Test Results'!H$7) -> 0 | I26: =SUM(C26:H26) -> 0 | J26: =IFERROR(($D26+$E26)/($I26-$H26-$G26),0) -> 0 | K26: =IFERROR($D26/($I26-$H26-$G26),0) -> 0 | L26: =IFERROR($E26/($I26-$H26-$G26),0) -> 0
B27: Existing | C27: =COUNTIFS('Test Cases '!$B:$B,'Test Results'!$B27,'Test Cases '!$L:$L,'Test Results'!C$7) -> 0 | D27: =COUNTIFS('Test Cases '!$B:$B,'Test Results'!$B27,'Test Cases '!$L:$L,'Test Results'!D$7) -> 0 | E27: =COUNTIFS('Test Cases '!$B:$B,'Test Results'!$B27,'Test Cases '!$L:$L,'Test Results'!E$7) -> 0 | F27: =COUNTIFS('Test Cases '!$B:$B,'Test Results'!$B27,'Test Cases '!$L:$L,'Test Results'!F$7) -> 0 | G27: =COUNTIFS('Test Cases '!$B:$B,'Test Results'!$B27,'Test Cases '!$L:$L,'Test Results'!G$7) -> 0 | H27: =COUNTIFS('Test Cases '!$B:$B,'Test Results'!$B27,'Test Cases '!$L:$L,'Test Results'!H$7) -> 0 | I27: =SUM(C27:H27) -> 0 | J27: =IFERROR(($D27+$E27)/($I27-$H27-$G27),0) -> 0 | K27: =IFERROR($D27/($I27-$H27-$G27),0) -> 0 | L27: =IFERROR($E27/($I27-$H27-$G27),0) -> 0
C28: =SUM(C20:C27) -> 0 | D28: =SUM(D20:D27) -> 0 | E28: =SUM(E20:E27) -> 0 | F28: =SUM(F20:F27) -> 0 | G28: =SUM(G20:G27) -> 0 | H28: =SUM(H20:H27) -> 0 | I28: =SUM(I20:I27) -> 0 | J28: =IFERROR(($D28+$E28)/($I28-$H28-$G28),0) -> 0 | K28: =IFERROR($D28/($I28-$H28-$G28),0) -> 0 | L28: =IFERROR($E28/($I28-$H28-$G28),0) -> 0

Sheet Test Cases 
A1: Test Cases Module Name : eBay Best Sellers related products Test Cycle : 1st Round
A2: Test Case ID | B2: User Story | C2: Test Type | D2: Priority | E2: Pre Conditions | F2: Test Description | G2: Test Steps [Acceptance Criteria and Business Validations] | H2: Test Data | I2: Expected Results | J2: Test Cases Created By | L2: Test Status ( Web) | M2: Actual Result (if different to Expected) | N2: Defect ID | O2: Test Executed By | P2: Test Executed Date | Q2: Notes
A3: TC_1 | B3: eBay Best Sellers related products | C3: Functional | D3: High | E3: Related products configured | F3: Verify user searches the main product | G3: 1. Navigate to the eBay web page 2. Search for a product | I3: The main product image with the details should be displayed | J3: Pramoda Gunasekara | L3: Not Executed
A4: TC_2 | B4: eBay Best Sellers related products | C4: UI | D4: Medium | F4: Verify the UI of the main product screen | G4: 1. Navigate to the eBay web page 2. Search for a product | I4: UI should be properly aligned with the Figma design | J4: Pramoda Gunasekara | L4: Not Executed
A5: TC_3 | B5: eBay Best Sellers related products | C5: Functional | D5: High | E5: User on product page | F5: Verify the "Related Products" section is displayed on the main product page | G5: 1. Scroll to related products section. 2. Observe UI. | I5: Related products should be displayed under the " Similar Items title | J5: Pramoda Gunasekara | L5: Not Executed
A6: TC_4 | B6: eBay Best Sellers related products | C6: Functional | D6: High | E6: User on Related Products section | F6: Verify section header text | G6: 1. Observe section title | I6: Section title should be "Similar sponsored items" | J6: Pramoda Gunasekara | L6: Not Executed
A7: TC_5 | B7: eBay Best Sellers related products | C7: Functional | D7: High | F7: Verify maximum 6 products are displayed | G7: 1. Navigate to the eBay web page 2. Search for a product 3. Scroll to the related products section. | H7: 6 wallet related products | I7: System should display maximum 6 products | J7: Pramoda Gunasekara | L7: Not Executed
A8: TC_6 | B8: eBay Best Sellers related products | C8: Functional | D8: High | F8: Verify more than 6 products are not displayed | G8: 1. Navigate to the eBay web page 2. Search for a product 3. Scroll to the related products section. | H8: 7 wallet related products | I8: More than 6 products should not be displayed | J8: Pramoda Gunasekara | L8: Not Executed
A9: TC_7 | B9: eBay Best Sellers related products | C9: Functional | D9: High | F9: Verify less than 6 products are displayed | G9: 1. Navigate to the eBay web page 2. Search for a product 3. Scroll to the related products section. | H9: 5 wallet related products | I9: Less than 6 products should be able to display | J9: Pramoda Gunasekara | L9: Not Executed
A10: TC_8 | B10: eBay Best Sellers related products | C10: Functional | D10: High | F10: Verify default display count | G10: 1. Navigate to the eBay web page 2. Search for a product 3. Scroll to the related products section. | H10: 4 wallet related products | I10: 4 default products should be displayed | J10: Pramoda Gunasekara | L10: Not Executed
A11: TC_9 | B11: eBay Best Sellers related products | C11: Functional | D11: High | F11: Verify related products count when less than 6 products exist | G11: 1. Navigate to the eBay web page 2. Search for a product 3. Scroll to the related products section. | I11: 4 products should be displayed | J11: Pramoda Gunasekara | L11: Not Executed
A12: TC_10 | B12: eBay Best Sellers related products | C12: Functional | D12: High | F12: Verify related products section when no related products exist | G12: 1. Navigate to the eBay web page 2. Search for a product 3. Scroll to the related products section. | H12: Main Product - Wallet with No related products | I12: Related products section should not be displayed | J12: Pramoda Gunasekara | L12: Not Executed
A13: TC_11 | B13: eBay Best Sellers related products | C13: Functional | D13: High | F13: Verify the product image for related products | G13: 1. Navigate to the eBay web page 2. Search for a product 3. Scroll to the related products section. | I13: Each product should display the image | J13: Pramoda Gunasekara | L13: Not Executed
A14: TC_12 | B14: eBay Best Sellers related products | C14: Functional | D14: High | F14: Verify the product title for related products | G14: 1. Navigate to the eBay web page 2. Search for a product 3. Scroll to the related products section. | I14: Each product should display the title | J14: Pramoda Gunasekara | L14: Not Executed
A15: TC_13 | B15: eBay Best Sellers related products | C15: Functional | D15: High | F15: Verify the product price for related products | G15: 1. Navigate to the eBay web page 2. Search for a product 3. Scroll to the related products section. | I15: Each product should display the price | J15: Pramoda Gunasekara | L15: Not Executed
A16: TC_14 | B16: eBay Best Sellers related products | C16: Functional | D16: High | F16: Verify clicking on a related product | G16: 1. Navigate to the eBay web page 2. Search for a product 3. Scroll to the related products section. 4. Click on a related product | I16: System should navigate to correct product detail page | J16: Pramoda Gunasekara | L16: Not Executed
A17: TC_15 | B17: eBay Best Sellers related products | C17: Functional | D17: High | F17: Verify price range validation | G17: 1. Navigate to the eBay web page 2. Search for a product 3. Scroll to the related products section. | H17: Acceptable price range” = 50% to 500% of main product price Main Wallet Price - 1000 LKR | I17: All related products should be within defined price range | J17: Pramoda Gunasekara | L17: Not Executed
A18: TC_16 | B18: eBay Best Sellers related products | C18: Functional | D18: High | F18: Verify the products below 50% of main product price are not displayed | G18: 1. Navigate to the eBay web page 2. Search for a product 3. Scroll to the related products section. | H18: Related Wallet Price - 499 LKR | I18: Products below 50% of main product price should not be displayed | J18: Pramoda Gunasekara | L18: Not Executed
A19: TC_17 | B19: eBay Best Sellers related products | C19: Functional | D19: High | F19: Verify the products equal to 50% of main product price are displayed | G19: 1. Navigate to the eBay web page 2. Search for a product 3. Scroll to the related products section. | H19: Related Wallet Price - 500 LKR | I19: Products equal to 50% of main product price should be displayed | J19: Pramoda Gunasekara | L19: Not Executed
A20: TC_18 | B20: eBay Best Sellers related products | C20: Functional | D20: High | F20: Verify the products above 50% and below 500% of main product price are displayed | G20: 1. Navigate to the eBay web page 2. Search for a product 3. Scroll to the related products section. | H20: Related Wallet Price - 2500 LKR | I20: Products above 50% and below 500% of main product price should be displayed | J20: Pramoda Gunasekara | L20: Not Executed
A21: TC_19 | B21: eBay Best Sellers related products | C21: Functional | D21: High | F21: Verify the products above 500% of main product price are not displayed | G21: 1. Navigate to the eBay web page 2. Search for a product 3. Scroll to the related products section. | H21: Related Wallet Price - 5001 LKR | I21: Products above 500% of main product price should not be displayed | J21: Pramoda Gunasekara | L21: Not Executed
A22: TC_20 | B22: eBay Best Sellers related products | C22: Functional | D22: High | F22: Verify the products equal to 500% of main product price are displayed | G22: 1. Navigate to the eBay web page 2. Search for a product 3. Scroll to the related products section. | H22: Related Wallet Price - 5000 LKR | I22: Products equal to 500% of main product price should be displayed | J22: Pramoda Gunasekara | L22: Not Executed
A23: TC_21 | B23: eBay Best Sellers related products | C23: Functional | D23: High | F23: Verify related products belong to the same category | G23: 1. Navigate to the eBay web page 2. Search for a product 3. Scroll to the related products section. | H23: Category - Wallet | I23: All related products must belong to Wallet category | J23: Pramoda Gunasekara | L23: Not Executed
A24: TC_22 | B24: eBay Best Sellers related products | C24: Functional | D24: High | F24: Verify system does not display products that are related to a different category | G24: 1. Navigate to the eBay web page 2. Search for a product 3. Scroll to the related products section. | H24: Category - Jewelry | I24: Jewelry products should not be displayed | J24: Pramoda Gunasekara | L24: Not Executed
A25: TC_23 | B25: eBay Best Sellers related products | C25: Functional | D25: High | F25: Verify the main product is excluded from the related products section | G25: 1. Navigate to the eBay web page 2. Search for a product 3. Scroll to the related products section. | I25: The main product should not be included as a related product | J25: Pramoda Gunasekara | L25: Not Executed
A26: TC_24 | B26: eBay Best Sellers related products | C26: Functional | D26: High | F26: Verify duplicate products are not displayed | G26: 1. Navigate to the eBay web page 2. Search for a product 3. Scroll to the related products section. | I26: Duplicate products should not be displayed | J26: Pramoda Gunasekara | L26: Not Executed
A27: TC_25 | B27: eBay Best Sellers related products | C27: Functional | D27: High | F27: Verify that the out of stock products are not displayed | G27: 1. Navigate to the eBay web page 2. Search for a product 3. Scroll to the related products section. | H27: Out of stock related product | I27: Out of stock related products should be hidden | J27: Pramoda Gunasekara | L27: Not Executed
A28: TC_26 | B28: eBay Best Sellers related products | C28: Functional | D28: High | E28: Similar products related API fails | F28: Verify the behavior when a similar products related API fails | G28: 1. Navigate to the eBay web page 2. Search for a product 3. Scroll to the related products section. | I28: A proper error message should be displayed: " We are sorry things don't appear to be working at the moment." | J28: Pramoda Gunasekara | L28: Not Executed
A29: TC_27 | B29: eBay Best Sellers related products | C29: Functional | D29: High | F29: Verify guest user can see related products | G29: 1. Navigate to the eBay web page as a guest user 2. Search for a product 3. Scroll to the related products section. | H29: Guest user account : akiv12@gmail.com | I29: The guest user should be able to view the related products section | J29: Pramoda Gunasekara | L29: Not Executed
A30: TC_28 | B30: eBay Best Sellers related products | C30: Functional | D30: High | F30: Verify logged in user can see related products | G30: 1. Log in to the eBay web page as an existing user 2. Search for a product 3. Scroll to the related products section. | H30: Logged in User Account Username : Kesh Password : Kesh@9966 | I30: The logged in user should be able to view the related products section | J30: Pramoda Gunasekara | L30: Not Executed
A31: TC_29 | B31: eBay Best Sellers related products | C31: Compatibility | D31: High | E31: User should log in via a desktop | F31: Verify the related products section displays on the desktop ( Chrome, Firefox, Edge ) | G31: 1. Navigate to the eBay web page using a desktop 2. Search for a product 3. Scroll to the related products section. | I31: The related products section should be properly displayed without any UI issues | J31: Pramoda Gunasekara | L31: Not Executed
A32: TC_30 | B32: eBay Best Sellers related products | C32: Compatibility | D32: High | E32: User should log in via a mobile device | F32: Verify the related products section displays on the mobile ( Android and iOS ) | G32: 1. Navigate to the eBay web page using a mobile device 2. Search for a product 3. Scroll to the related products section. | I32: The related products section should be properly displayed without any UI issues | J32: Pramoda Gunasekara | L32: Not Executed
A33: TC_31 | B33: eBay Best Sellers related products | C33: UI | D33: High | F33: Verify related products are displayed properly without overlap | G33: 1. Navigate to the eBay web page using a mobile device 2. Search for a product 3. Scroll to the related products section. | I33: The related products section should be properly displayed without overlapping | J33: Pramoda Gunasekara | L33: Not Executed
A34: TC_32 | B34: eBay Best Sellers related products | C34: Functional | D34: High | F34: Verify related products load within acceptable time | G34: 1. Navigate to the eBay web page 2. Search for a product 3. Check the time it takes to load the related products | I34: Related products should be loaded without any delay ( Within 3 seconds ) | J34: Pramoda Gunasekara | L34: Not Executed

Sheet Assumptions
A1: Assumptions Module Name : eBay Best Sellers related products Test Cycle : 1st Round
A2: ID | B2: Question | C2: Assumption
A3: CL_1 | B3: How is the price range defined? Is it a percentage or an amount? | C3: Percentage based: 50% to 500% of the main product price
A4: CL_2 | B4: Does it need to include the shipping cost for price range comparison? | C4: Shipping costs are not included in the price comparison
A5: CL_3 | B5: How is the "Same category" defined? ( with colors, materials, size, or design ) | C5: Does not consider color, material or size variations
A6: CL_4 | B6: If the searched product belongs to multiple categories, which category should be prioritized? | C6: The primary category is used
A7: CL_5 | B7: Is there a minimum count? If only 1 product matches, how do we handle it? | C7: If 1-5 products match, all are displayed. No minimum threshold
A8: CL_6 | B8: What happens if no related products match the category or price range? | C8: The related products section is completely hidden if 0 products match
A9: CL_7 | B9: What happens if there are more than 6 related products that match? How to prioritize the display of 6 similar products? | C9: Display the top 6 based on sales rank
A10: CL_8 | B10: If a product meets the category and price range but is out of stock, should it still appear in the similar product list? | C10: Exclude from the related products section
A11: CL_9 | B11: Should the main product be excluded from the related products list ? | C11: Main product is never shown in its related products list
A12: CL_10 | B12: Does it need to consider the region when displaying best seller products list ? | C12: Best sellers are not region specific
A13: CL_11 | B13: Does it need to display the same related products list for logged-in users and guest users? | C13: shows the same generic related products for both users
A14: CL_12 | B14: What happens if the similar products related API fails? Are there any failure handling methods? | C14: Show a proper error message to inform the system failure

Sheet Preconditions
A1: Preconditions Module Name : eBay Best Sellers related products Test Cycle : 1st Round
A2: ID | B2: Preconditions
A3: PC_1 | B3: User has access to eBay website
A4: PC_2 | B4: Wallet product exists in system
A5: PC_3 | B5: Related products configured
A6: PC_4 | B6: Test environment is available
A7: PC_5 | B7: Browser is installed

Sheet Test data
A1: Test Data Module Name : eBay Best Sellers related products Test Cycle : 1st Round
A2: ID | B2: Product Name | C2: Category | D2: Price | E2: Best Seller | F2: Stock Status
A3: TD001 | B3: Leather Wallet A | C3: Wallet | D3: LKR 1000 | E3: Yes | F3: In Stock
A4: TD002 | B4: Wallet B | C4: Wallet | D4: LKR 500 | E4: Yes | F4: In Stock
A5: TD003 | B5: Wallet C | C5: Wallet | D5: LKR 5000 | E5: Yes | F5: In Stock
A6: TD004 | B6: Wallet D | C6: Wallet | D6: LKR 499 | E6: Yes | F6: In Stock
A7: TD005 | B7: Jewelry A | C7: Jewelry | D7: LKR 1000 | E7: Yes | F7: In Stock
A8: TD006 | B8: Wallet E | C8: Wallet | D8: LKR 2000 | E8: Yes | F8: Out of Stock

Sheet README
A3: Name : Pramoda Piyumali Gunasekara Position : Software QA Engineer Date : 27.02.2026
